seed,hazard_ratio,hr_ci_lower,hr_ci_upper,logrank_p,c_index,median_treatment,median_control,ph_global_p
42,0.5099332885708218,0.3724755407322076,0.6981182127596501,0.0010357414299787687,0.6729251215270036,27.749816325253875,12.597777677418648,0.5583134477521048
123,0.5544006327836121,0.41048257029203983,0.7487773754003653,0.00030768685364740374,0.693346608371932,24.285048110626196,10.072046863801521,0.8027734457790681
456,0.6142413175313586,0.4570019883258298,0.8255815199947449,0.01717789412225738,0.6604800685812259,16.946523862348787,11.839761678541445,0.8289157029472085
789,0.7202310194072601,0.5295375222661365,0.9795957784002225,0.06572168659136415,0.6523506869800916,20.799919359789158,14.309667232913405,0.6853881158667703
1011,0.4534088938215148,0.32779072103575413,0.6271673107367364,0.00139431958401135,0.6719012899607403,22.76281980587195,11.38584362897119,0.6557895306780441
